{
  "multipart": [
    {   "apply": { "model": "aquaculture:block/worm_farm" }},
    {   "when": { "level": "1" },
      "apply": { "model": "aquaculture:block/worm_farm_contents1" }
    },
    {   "when": { "level": "2" },
      "apply": { "model": "aquaculture:block/worm_farm_contents2" }
    },
    {   "when": { "level": "3" },
      "apply": { "model": "aquaculture:block/worm_farm_contents3" }
    },
    {   "when": { "level": "4" },
      "apply": { "model": "aquaculture:block/worm_farm_contents4" }
    },
    {   "when": { "level": "5" },
      "apply": { "model": "aquaculture:block/worm_farm_contents5" }
    },
    {   "when": { "level": "6" },
      "apply": { "model": "aquaculture:block/worm_farm_contents6" }
    },
    {   "when": { "level": "7" },
      "apply": { "model": "aquaculture:block/worm_farm_contents7" }
    },
    {   "when": { "level": "8" },
      "apply": { "model": "aquaculture:block/worm_farm_contents8" }
    }
  ]
}
