{
  "parent": "minecraft:recipes/root",
  "rewards": {
    "recipes": [
      "aquaculture:sushi"
    ]
  },
  "criteria": {
    "has_items": {
      "trigger": "minecraft:inventory_changed",
      "conditions": {
        "items": [
          {
            "item": "aquaculture:fish_fillet_raw"
          }
        ]
      }
    },
    "has_alt_items": {
      "trigger": "minecraft:inventory_changed",
      "conditions": {
        "items": [
          {
            "item": "minecraft:seagrass"
          }
        ]
      }
    },
    "has_the_recipe": {
      "trigger": "minecraft:recipe_unlocked",
      "conditions": {
        "recipe": "aquaculture:sushi"
      }
    }
  },
  "requirements": [
    [
      "has_items",
      "has_alt_items",
      "has_the_recipe"
    ]
  ]
}