{
  "parent": "block/block",
  "textures": {
    "particle": "aquaculture:block/worm_farm_side",
    "top": "aquaculture:block/worm_farm_top",
    "bottom": "aquaculture:block/worm_farm_bottom",
    "side": "aquaculture:block/worm_farm_side",
    "inside": "aquaculture:block/worm_farm_bottom"
  },
  "elements": [
    {   "from": [ 0, 0, 0 ],
      "to": [ 16, 2, 16 ],
      "faces": {
        "up":    { "texture": "#inside", "cullface": "up" },
        "down":  { "texture": "#bottom", "cullface": "down" }
      }
    },
    {   "from": [ 0, 0, 0 ],
      "to": [ 2, 16, 16 ],
      "faces": {
        "up":    { "texture": "#top", "cullface": "up" },
        "north": { "texture": "#side", "cullface": "north" },
        "south": { "texture": "#side", "cullface": "south" },
        "west":  { "texture": "#side", "cullface": "west" },
        "east":  { "texture": "#side", "cullface": "up" }
      }
    },
    {   "from": [ 14, 0, 0 ],
      "to": [ 16, 16, 16 ],
      "faces": {
        "up":    { "texture": "#top", "cullface": "up" },
        "north": { "texture": "#side", "cullface": "north" },
        "south": { "texture": "#side", "cullface": "south" },
        "west":  { "texture": "#side", "cullface": "up" },
        "east":  { "texture": "#side", "cullface": "east" }
      }
    },
    {   "from": [ 2, 0, 0 ],
      "to": [ 14, 16, 2 ],
      "faces": {
        "up":    { "texture": "#top", "cullface": "up" },
        "north": { "texture": "#side", "cullface": "north" },
        "south": { "texture": "#side", "cullface": "up" }
      }
    },
    {   "from": [ 2, 0, 14 ],
      "to": [ 14, 16, 16 ],
      "faces": {
        "up":    { "texture": "#top", "cullface": "up" },
        "north": { "texture": "#side", "cullface": "up" },
        "south": { "texture": "#side", "cullface": "south" }
      }
    }
  ]
}
