{
  "schemaVersion": 1,
  "id": "diggusmaximus",
  "version": "1.4.1-1.16.3",
  "name": "Diggus Maximus",
  "description": "Mine ores more better!",
  "authors": [
    "kyrptonaught"
  ],
  "contact": {
    "homepage": "https://www.curseforge.com/minecraft/mc-mods/diggus-maximus",
    "sources": "https://github.com/kyrptonaught/DiggusMaximus"
  },
  "license": "MIT",
  "icon": "assets/diggusmaximus/icon.png",
  "environment": "*",
  "mixins": [
    {
      "config": "diggusmaximus.mixins.json"
    }
  ],
  "entrypoints": {
    "main": [
      "net.kyrptonaught.diggusmaximus.DiggusMaximusMod"
    ],
    "registernonconflicting": [
      "net.kyrptonaught.diggusmaximus.DiggusMaximusMod"
    ],
    "modmenu": [
      "net.kyrptonaught.diggusmaximus.config.modmenu.ModMenuIntegration"
    ]
  },
  "depends": {
    "fabricloader": ">=0.4.0",
    "fabric": "*"
  }
}
