{
  "type": "minecraft:fishing",
  "_comment": "Do not add anything to this loot table, besides Neptune's Bounty",
  "pools": [
    {
      "rolls": 1.0,
      "entries": [
        {
          "type": "minecraft:item",
          "functions": [
            {
              "function": "minecraft:set_contents",
              "entries": [
                {
                  "type": "minecraft:loot_table",
                  "name": "aquaculture:box/neptunes_bounty"
                }
              ]
            }
          ],
          "name": "aquaculture:neptunes_bounty"
        },
        {
          "_comment": "50% chance of getting fish, to make Neptunium rarer without making vanilla loot a lot rarer",
          "type": "minecraft:loot_table",
          "name": "aquaculture:gameplay/fishing/fish"
        }
      ]
    }
  ]
}