{
  "parent": "minecraft:recipes/root",
  "rewards": {
    "recipes": [
      "aquaculture:diamond_hook"
    ]
  },
  "criteria": {
    "has_items": {
      "trigger": "minecraft:inventory_changed",
      "conditions": {
        "items": [
          {
            "item": "aquaculture:iron_hook"
          }
        ]
      }
    },
    "has_the_recipe": {
      "trigger": "minecraft:recipe_unlocked",
      "conditions": {
        "recipe": "aquaculture:diamond_hook"
      }
    }
  },
  "requirements": [
    [
      "has_items",
      "has_the_recipe"
    ]
  ]
}