{
  "parent": "minecraft:recipes/root",
  "rewards": {
    "recipes": [
      "aquaculture:gold_nugget_from_blasting"
    ]
  },
  "criteria": {
    "has_fishing_rod": {
      "trigger": "minecraft:inventory_changed",
      "conditions": {
        "items": [
          {
            "item": "aquaculture:gold_fishing_rod"
          }
        ]
      }
    },
    "has_fillet_knife": {
      "trigger": "minecraft:inventory_changed",
      "conditions": {
        "items": [
          {
            "item": "aquaculture:gold_fillet_knife"
          }
        ]
      }
    },
    "has_the_recipe": {
      "trigger": "minecraft:recipe_unlocked",
      "conditions": {
        "recipe": "aquaculture:gold_nugget_from_blasting"
      }
    }
  },
  "requirements": [
    [
      "has_fishing_rod",
      "has_fillet_knife",
      "has_the_recipe"
    ]
  ]
}