{
  "parent": "minecraft:recipes/root",
  "rewards": {
    "recipes": [
      "aquaculture:diamond_fishing_rod"
    ]
  },
  "criteria": {
    "has_diamond": {
      "trigger": "minecraft:inventory_changed",
      "conditions": {
        "items": [
          {
            "tag": "forge:gems/diamond"
          }
        ]
      }
    },
    "has_vanilla_rod": {
      "trigger": "minecraft:inventory_changed",
      "conditions": {
        "items": [
          {
            "item": "minecraft:fishing_rod"
          }
        ]
      }
    },
    "has_the_recipe": {
      "trigger": "minecraft:recipe_unlocked",
      "conditions": {
        "recipe": "aquaculture:diamond_fishing_rod"
      }
    }
  },
  "requirements": [
    [
      "has_diamond",
      "has_vanilla_rod",
      "has_the_recipe"
    ]
  ]
}
