{
  "parent": "minecraft:recipes/root",
  "rewards": {
    "recipes": [
      "aquaculture:iron_fishing_rod"
    ]
  },
  "criteria": {
    "has_iron": {
      "trigger": "minecraft:inventory_changed",
      "conditions": {
        "items": [
          {
            "tag": "forge:ingots/iron"
          }
        ]
      }
    },
    "has_vanilla_rod": {
      "trigger": "minecraft:inventory_changed",
      "conditions": {
        "items": [
          {
            "item": "minecraft:fishing_rod"
          }
        ]
      }
    },
    "has_the_recipe": {
      "trigger": "minecraft:recipe_unlocked",
      "conditions": {
        "recipe": "aquaculture:iron_fishing_rod"
      }
    }
  },
  "requirements": [
    [
      "has_iron",
      "has_vanilla_rod",
      "has_the_recipe"
    ]
  ]
}
