{
  "parent": "minecraft:recipes/root",
  "rewards": {
    "recipes": [
      "aquaculture:neptunium_fishing_rod"
    ]
  },
  "criteria": {
    "has_items": {
      "trigger": "minecraft:inventory_changed",
      "conditions": {
        "items": [
          {
            "tag": "forge:ingots/neptunium"
          }
        ]
      }
    },
    "has_the_recipe": {
      "trigger": "minecraft:recipe_unlocked",
      "conditions": {
        "recipe": "aquaculture:neptunium_fishing_rod"
      }
    }
  },
  "requirements": [
    [
      "has_items",
      "has_the_recipe"
    ]
  ],
    "conditions": [{"type":"aquaculture:neptunium_items_enabled","value":true}]
}