{
  "pools": [
    {
      "name": "aquaculture:box_loot",
      "rolls": 1,
      "entries": [
        {
          "type": "item",
          "name": "minecraft:stone",
          "entryName": "stone",
          "weight": 1
        },
        {
          "type": "item",
          "name": "minecraft:granite",
          "entryName": "granite",
          "weight": 1
        },
        {
          "type": "item",
          "name": "minecraft:diorite",
          "entryName": "diorite",
          "weight": 1
        },
        {
          "type": "item",
          "name": "minecraft:andesite",
          "entryName": "andesite",
          "weight": 1
        },
        {
          "type": "item",
          "name": "minecraft:dirt",
          "entryName": "dirt",
          "weight": 1
        },
        {
          "type": "item",
          "name": "minecraft:gravel",
          "entryName": "gravel",
          "weight": 5
        },
        {
          "type": "item",
          "name": "minecraft:cobblestone",
          "entryName": "cobblestone",
          "weight": 5
        },
        {
          "type": "item",
          "name": "minecraft:oak_planks",
          "entryName": "oak_planks",
          "weight": 1
        },
        {
          "type": "item",
          "name": "minecraft:spruce_planks",
          "entryName": "spruce_planks",
          "weight": 1
        },
        {
          "type": "item",
          "name": "minecraft:birch_planks",
          "entryName": "birch_planks",
          "weight": 1
        },
        {
          "type": "item",
          "name": "minecraft:jungle_planks",
          "entryName": "jungle_planks",
          "weight": 1
        },
        {
          "type": "item",
          "name": "minecraft:acacia_planks",
          "entryName": "acacia_planks",
          "weight": 1
        },
        {
          "type": "item",
          "name": "minecraft:dark_oak_planks",
          "entryName": "dark_oak_planks",
          "weight": 1
        },
        {
          "type": "item",
          "name": "minecraft:oak_sapling",
          "entryName": "oak_sapling",
          "weight": 1
        },
        {
          "type": "item",
          "name": "minecraft:spruce_sapling",
          "entryName": "spruce_sapling",
          "weight": 1
        },
        {
          "type": "item",
          "name": "minecraft:birch_sapling",
          "entryName": "birch_sapling",
          "weight": 1
        },
        {
          "type": "item",
          "name": "minecraft:jungle_sapling",
          "entryName": "jungle_sapling",
          "weight": 1
        },
        {
          "type": "item",
          "name": "minecraft:acacia_sapling",
          "entryName": "acacia_sapling",
          "weight": 1
        },
        {
          "type": "item",
          "name": "minecraft:dark_oak_sapling",
          "entryName": "dark_oak_sapling",
          "weight": 1
        },
        {
          "type": "item",
          "name": "minecraft:oak_log",
          "entryName": "oak_log",
          "weight": 1
        },
        {
          "type": "item",
          "name": "minecraft:spruce_log",
          "entryName": "spruce_log",
          "weight": 1
        },
        {
          "type": "item",
          "name": "minecraft:birch_log",
          "entryName": "birch_log",
          "weight": 1
        },
        {
          "type": "item",
          "name": "minecraft:jungle_log",
          "entryName": "jungle_log",
          "weight": 1
        },
        {
          "type": "item",
          "name": "minecraft:acacia_log",
          "entryName": "acacia_log",
          "weight": 1
        },
        {
          "type": "item",
          "name": "minecraft:dark_oak_log",
          "entryName": "dark_oak_log",
          "weight": 1
        },
        {
          "type": "item",
          "name": "minecraft:coal",
          "entryName": "coal",
          "weight": 3
        },
        {
          "type": "item",
          "name": "minecraft:charcoal",
          "entryName": "charcoal",
          "weight": 3
        },
        {
          "type": "item",
          "name": "minecraft:wheat_seeds",
          "entryName": "wheat_seeds",
          "weight": 3
        },
        {
          "type": "item",
          "name": "minecraft:stick",
          "entryName": "stick",
          "weight": 5
        },
        {
          "type": "item",
          "name": "minecraft:bowl",
          "entryName": "bowl",
          "weight": 3
        },
        {
          "type": "item",
          "name": "minecraft:leather_helmet",
          "entryName": "leather_helmet",
          "weight": 2
        },
        {
          "type": "item",
          "name": "minecraft:leather_chestplate",
          "entryName": "leather_chestplate",
          "weight": 2
        },
        {
          "type": "item",
          "name": "minecraft:leather_leggings",
          "entryName": "leather_leggings",
          "weight": 2
        },
        {
          "type": "item",
          "name": "minecraft:leather_boots",
          "entryName": "leather_boots",
          "weight": 2
        },
        {
          "type": "item",
          "name": "minecraft:flint",
          "entryName": "flint",
          "weight": 4
        },
        {
          "type": "item",
          "name": "minecraft:clay_ball",
          "entryName": "clay_ball",
          "weight": 4
        },
        {
          "type": "item",
          "name": "minecraft:bucket",
          "entryName": "bucket",
          "weight": 1
        },
        {
          "type": "item",
          "name": "minecraft:leather",
          "entryName": "leather",
          "weight": 4
        },
        {
          "type": "item",
          "name": "minecraft:slime_ball",
          "entryName": "slime_ball",
          "weight": 1
        },
        {
          "type": "item",
          "name": "minecraft:sugar_cane",
          "entryName": "sugar_cane",
          "weight": 1
        },
        {
          "type": "item",
          "name": "minecraft:bone",
          "entryName": "bone",
          "weight": 5
        },
        {
          "type": "item",
          "name": "minecraft:rotten_flesh",
          "entryName": "rotten_flesh",
          "weight": 5
        },
        {
          "type": "item",
          "name": "minecraft:glass_bottle",
          "entryName": "glass_bottle",
          "weight": 1
        },
        {
          "type": "item",
          "name": "minecraft:carrot",
          "entryName": "carrot",
          "weight": 1
        },
        {
          "type": "item",
          "name": "minecraft:potato",
          "entryName": "potato",
          "weight": 1
        },
        {
          "type": "item",
          "name": "minecraft:vine",
          "entryName": "vine",
          "weight": 1
        },
        {
          "type": "item",
          "name": "minecraft:tall_grass",
          "entryName": "tall_grass",
          "weight": 3
        },
        {
          "type": "item",
          "name": "minecraft:string",
          "entryName": "string",
          "weight": 3
        },
        {
          "type": "item",
          "name": "minecraft:feather",
          "entryName": "feather",
          "weight": 4
        },
        {
          "type": "item",
          "name": "minecraft:apple",
          "entryName": "apple",
          "weight": 1
        }
      ]
    }
  ]
}