{
  "pools": [
    {
      "name": "aquaculture:lockbox_loot",
      "rolls": 1,
      "entries": [
        {
          "type": "item",
          "name": "minecraft:iron_ingot",
          "entryName": "iron_ingot",
          "weight": 8
        },
        {
          "type": "item",
          "name": "minecraft:gold_ingot",
          "entryName": "gold_ingot",
          "weight": 7
        },
        {
          "type": "item",
          "name": "minecraft:golden_apple",
          "entryName": "golden_apple",
          "weight": 5
        },
        {
          "type": "item",
          "name": "minecraft:dandelion",
          "entryName": "dandelion",
          "weight": 8
        },
        {
          "type": "item",
          "name": "minecraft:redstone",
          "entryName": "redstone",
          "weight": 8
        },
        {
          "type": "item",
          "name": "minecraft:book",
          "entryName": "book",
          "weight": 10
        },
        {
          "type": "item",
          "name": "minecraft:paper",
          "entryName": "paper",
          "weight": 10
        },
        {
          "type": "item",
          "name": "minecraft:compass",
          "entryName": "compass",
          "weight": 10
        },
        {
          "type": "item",
          "name": "minecraft:clock",
          "entryName": "clock",
          "weight": 10
        },
        {
          "type": "item",
          "name": "minecraft:glowstone_dust",
          "entryName": "glowstone_dust",
          "weight": 7
        },
        {
          "type": "item",
          "name": "minecraft:gunpowder",
          "entryName": "gunpowder",
          "weight": 10
        },
        {
          "type": "item",
          "name": "minecraft:quartz",
          "entryName": "quartz",
          "weight": 7
        }
      ]
    }
  ]
}