{
  "parent": "builtin/entity",
  "textures": {
    "particle": "block/iron_block"
  },
  "display": {
    "gui": {
      "rotation": [ 30, 45, 0 ],
      "translation": [ 0, 0, 0],
      "scale":[ 0.725, 0.725, 0.725 ]
    },
    "ground": {
      "rotation": [ 0, 0, 0 ],
      "translation": [ 0, 3, 0],
      "scale":[ 0.35, 0.35, 0.35 ]
    },
    "head": {
      "rotation": [ 0, 180, 0 ],
      "translation": [ 0, 0, 0],
      "scale":[ 1, 1, 1]
    },
    "fixed": {
      "rotation": [ 0, 180, 0 ],
      "translation": [ 0, 0, 0],
      "scale":[ 0.6, 0.6, 0.6 ]
    },
    "thirdperson_righthand": {
      "rotation": [ 75, 315, 0 ],
      "translation": [ 0, 2.5, 0],
      "scale": [ 0.375, 0.375, 0.375 ]
    },
    "firstperson_righthand": {
      "rotation": [ 0, 315, 0 ],
      "translation": [ 0, 0, 0],
      "scale": [ 0.4, 0.4, 0.4 ]
    }
  }
}